﻿Trip ID,Destination,Start date,End date,DurationDays,Traveler name,Traveler age,Traveler gender,Traveler nationality,Accommodation type,Accommodation cost,Transportation type,Transportation cost
1,London,5/1/2023,5/8/2023,7,John Smith,35,Male,American,Hotel,1200,Flight,600
2,Phuket,6/15/2023,6/20/2023,5,Jane Doe,28,Female,Canadian,Resort,800,Flight,500
3,Bali,7/1/2023,7/8/2023,7,David Lee,45,Male,Korean,Villa,1000,Flight,700
4,New York,8/15/2023,8/29/2023,14,Sarah Johnson,29,Female,British,Hotel,2000,Flight,1000
5,Tokyo,9/10/2023,9/17/2023,7,Kim Nguyen,26,Female,Vietnamese,Airbnb,700,Train,200
6,Paris,10/5/2023,10/10/2023,5,Michael Brown,42,Male,American,Hotel,1500,Flight,800
7,Sydney,11/20/2023,11/30/2023,10,Emily Davis,33,Female,Australian,Hostel,500,Flight,1200
8,Rio de Janeiro,1/5/2024,1/12/2024,7,Lucas Santos,25,Male,Brazilian,Airbnb,900,Flight,600
9,Amsterdam,2/14/2024,2/21/2024,7,Laura Janssen,31,Female,Dutch,Hotel,1200,Train,200
10,Dubai,3/10/2024,3/17/2024,7,Mohammed Ali,39,Male,Emirati,Resort,2500,Flight,800
11,Cancun,4/1/2024,4/8/2024,7,Ana Hernandez,27,Female,Mexican,Hotel,1000,Flight,500
12,Barcelona,5/15/2024,5/22/2024,7,Carlos Garcia,36,Male,Spanish,Airbnb,800,Train,100
13,Honolulu,6/10/2024,6/18/2024,8,Lily Wong,29,Female,Chinese,Resort,3000,Flight,1200
14,Berlin,7/1/2024,7/10/2024,9,Hans Mueller,48,Male,German,Hotel,1400,Flight,700
15,Marrakech,8/20/2024,8/27/2024,7,Fatima Khouri,26,Female,Moroccan,Riad,600,Flight,400
16,Edinburgh,9/5/2024,9/12/2024,7,James MacKenzie,32,Male,Scottish,Hotel,900,Train,150
17,Paris,9/1/2023,9/10/2023,9,Sarah Johnson,30,Female,American,Hotel,900 ,Plane,400 
18,Bali,8/15/2023,8/25/2023,10,Michael Chang,28,Male,Chinese,Resort,1500,Plane,700
19,London,7/22/2023,7/28/2023,6,Olivia Rodriguez,35,Female,British,Hotel,1200,Train,150 
20,Tokyo,10/5/2023,10/15/2023,10,Kenji Nakamura,45,Male,Japanese,Hotel,1200,Plane,800 
21,New York,11/20/2023,11/25/2023,5,Emily Lee,27,Female,American,Airbnb,600 ,Bus,100 
22,Sydney,12/5/2023,12/12/2023,7,James Wilson,32,Male,Australian,Hotel,1000,Plane,600 
23,Rome,11/1/2023,11/8/2023,7,Sofia Russo,29,Female,Italian,Airbnb,700 ,Train,80 
24,Bangkok,9/15/2023,9/23/2023,8,Raj Patel,40,Male,Indian,Hostel,400,Plane,500
25,Paris,12/22/2023,12/28/2023,6,Lily Nguyen,24,Female,Vietnamese,Hotel,1400,Train,100
26,Hawaii,8/1/2023,8/10/2023,9,David Kim,34,Male,Korean,Resort,2000,Plane,800 
27,Barcelona,10/20/2023,10/28/2023,8,Maria Garcia,31,Female,Spanish,Hotel,1100,Train,150 
28,Japan,5/10/2022,5/18/2022,8,Alice Smith,30,Female,American,Hotel,800 ,Plane,500 
29,Thailand,6/15/2022,6/22/2022,7,Bob Johnson,45,Male,Canadian,Hostel,200 ,Train,150 
30,France,7/2/2022,7/11/2022,9,Charlie Lee,25,Male,Korean,Airbnb,600 ,Car rental,300 
31,Australia,8/20/2022,9/2/2022,13,Emma Davis,28,Female,British,Hotel,1000,Car rental,500 
32,Brazil,9/5/2022,9/14/2022,9,Olivia Martin,33,Female,Australian,Hostel,150,Bus,50 
33,Greece,10/12/2022,10/20/2022,8,Harry Wilson,20,Male,American,Airbnb,400 ,Plane,600 
34,Egypt,11/8/2022,11/15/2022,7,Sophia Lee,37,Female,Canadian,Hotel,700 ,Train,100 
35,Mexico,1/5/2023,1/15/2023,10,James Brown,42,Male,British,Airbnb,500 ,Plane,800 
36,Italy,2/14/2023,2/20/2023,6,Mia Johnson,31,Female,American,Hostel,180 ,Train,120 
37,Spain,3/23/2023,3/31/2023,8,William Davis,27,Male,Korean,Hotel,900 ,Car rental,400 
38,Canada,4/19/2023,4/26/2023,7,Amelia Brown,38,Female,Australian,Airbnb,350 ,Bus,75 
39,Paris,6/12/2022,6/19/2022,7,Mia Johnson,25,Female,American,Hotel,1400,Plane,600
40,Sydney,1/2/2023,1/9/2023,7,Adam Lee,33,Male,Canadian,Airbnb,800,Train,150
41,Tokyo,12/10/2022,12/18/2022,8,Sarah Wong,28,Female,Chinese,Hostel,500,Plane,900
42,Cancun,7/1/2023,7/8/2023,7,John Smith,45,Male,American,Resort,2200,Plane,800
43,Rio de Janeiro,11/20/2022,11/27/2022,7,Maria Silva,30,Female,Brazilian,Hotel,1200,Plane,700
44,London,3/5/2023,3/12/2023,7,Peter Brown,55,Male,British,Airbnb,900,Train,100
45,Barcelona,8/18/2023,8/25/2023,7,Emma Garcia,27,Female,Spanish,Hostel,600,Plane,600
46,New York,9/15/2022,9/22/2022,7,Michael Davis,41,Male,American,Hotel,1500,Plane,500
47,Bangkok,5/1/2023,5/7/2023,6,Nina Patel,29,Female,Indian,Airbnb,500,Bus,50
48,Vancouver,7/10/2022,7/17/2022,7,Kevin Kim,24,Male,Korean,Hostel,400,Train,150
49,Amsterdam,6/20/2023,6/28/2023,8,Laura van den Berg,31,Female,Dutch,Hotel,1100,Plane,700
50,Paris,8/15/2023,8/22/2023,7,Jennifer Nguyen,31,Female,Canadian,Hotel,1200,Train,300 
51,Tokyo,10/10/2023,10/20/2023,10,David Kim,25,Male,American,Hostel,500 ,Bus,100 
52,Sydney,11/5/2023,11/12/2023,7,Rachel Lee,27,Female,South Korean,Airbnb,900 ,Car rental,200 
53,New York,12/24/2023,12/31/2023,7,Jessica Wong,28,Female,Canadian,Hotel,1400,Flight,800 
54,Rio de Janeiro,1/15/2024,1/24/2024,9,Felipe Almeida,30,Male,Brazilian,Airbnb,800 ,Train,150 
55,Bangkok,2/1/2024,2/9/2024,8,Nisa Patel,23,Female,Indian,Hostel,400 ,Bus,50 
56,London,3/15/2024,3/23/2024,8,Ben Smith,35,Male,British,Hotel,1000,Train,200 
57,Barcelona,4/5/2024,4/13/2024,8,Laura Gomez,29,Female,Spanish,Airbnb,700 ,Car rental,250 
58,Seoul,5/10/2024,5/18/2024,8,Park Min Woo,27,Male,South Korean,Hostel,500 ,Subway,20 
59,Los Angeles,6/20/2024,6/27/2024,7,Michael Chen,26,Male,Chinese,Hotel,1200,Car rental,300 
60,Rome,7/15/2024,7/23/2024,8,Sofia Rossi,33,Female,Italian,Airbnb,800 ,Train,100 
61,Paris,7/12/2022,7/18/2022,6,Rachel Sanders,35,Female,American,Hotel,1200,Plane,800
62,Tokyo,9/3/2022,9/10/2022,7,Kenji Nakamura,28,Male,Japanese,Hostel,400,Train,300
63,Cape Town,1/7/2023,1/16/2023,9,Emily Watson,29,Female,British,Vacation rental,800,Car rental,200
64,Sydney,6/23/2023,6/29/2023,6,David Lee,43,Male,Australian,Hotel,1500,Plane,1200
65,Barcelona,8/18/2023,8/25/2023,7,Ana Rodriguez,31,Female,Spanish,Vacation rental,900,Plane,700
66,Bali,2/1/2024,2/8/2024,7,Tom Wilson,27,Male,American,Resort,2200,Plane,1000
67,Paris,5/6/2024,5/12/2024,6,Olivia Green,39,Female,French,Hotel,1100,Train,200
68,New York,7/20/2024,7/26/2024,6,James Chen,25,Male,American,Vacation rental,1000,Plane,800
69,Bangkok,9/8/2024,9/16/2024,8,Lila Patel,33,Female,Indian,Hostel,300,Plane,700
70,Rome,2/14/2025,2/20/2025,6,Marco Rossi,41,Male,Italian,Hotel,1300,Train,100
71,Bali,5/21/2025,5/29/2025,8,Sarah Brown,37,Female,British,Resort,1800,Plane,1000
73,Bali,8/5/2022,8/12/2022,7,Sarah Lee,35,Female,South Korean,Resort,500,Plane,800
74,Tokyo,1/1/2023,1/9/2023,8,Alex Kim,29,Male,American,Hotel,1000,Train,200
75,Cancun,4/15/2023,4/22/2023,7,Maria Hernandez,42,Female,Mexican,Resort,800,Plane,500
76,Paris,6/7/2023,6/14/2023,7,John Smith,46,Male,British,Hotel,1200,Plane,700
77,Cape Town,9/1/2023,9/10/2023,9,Mark Johnson,31,Male,South African,Guesthouse,400,Car,300
78,Bali,11/12/2023,11/19/2023,7,Amanda Chen,25,Female,Taiwanese,Resort,600,Plane,700
79,Sydney,2/5/2024,2/12/2024,7,David Lee,38,Male,Australian,Hotel,900,Plane,600
80,Bangkok,5/15/2024,5/22/2024,7,Nana Kwon,27,Female,Korean,Hotel,400,Plane,400
81,New York,8/20/2024,8/27/2024,7,Tom Hanks,60,Male,American,Hotel,1500,Plane,1000
82,Phuket,1/1/2025,1/8/2025,7,Emma Watson,32,Female,British,Resort,700,Plane,800
83,Rome,4/15/2025,4/22/2025,7,James Kim,41,Male,American,Hotel,100,,
84,Paris,6/15/2021,6/20/2021,6,John Smith,35,Male,American,Hotel,800,Plane,500
85,Tokyo,7/1/2021,7/10/2021,10,Sarah Lee,28,Female,Korean,Airbnb,500,Train,300
86,Bali,8/10/2021,8/20/2021,11,Maria Garcia,42,Female,Spanish,Resort,1200,Plane,700
87,Sydney,9/1/2021,9/10/2021,9,David Lee,45,Male,Australian,Hotel,900,Plane,600
88,New York,10/15/2021,10/20/2021,6,Emily Davis,31,Female,American,Airbnb,700,Car rental,200
89,London,11/20/2021,11/30/2021,11,James Wilson,29,Male,British,Hostel,300,Plane,400
90,Dubai,1/1/2022,1/8/2022,8,Fatima Ahmed,24,Female,Emirati,Hotel,1000,Plane,800
91,Bangkok,2/14/2022,2/20/2022,7,Liam Nguyen,26,Male,Vietnamese,Airbnb,400,Train,100
92,Rome,3/10/2022,3/20/2022,11,Giulia Rossi,30,Female,Italian,Hostel,200,Plane,350
93,Bali,4/15/2022,4/25/2022,11,Putra Wijaya,33,Male,Indonesian,Villa,1500,Car rental,300
94,Seoul,5/1/2022,5/10/2022,10,Kim Min-ji,27,Female,Korean,Hotel,800,Train,150
95,Paris,6/15/2022,6/20/2022,5,John Smith,35,Male,USA,Hotel,500 ,Plane,800 
96,Tokyo,9/1/2022,9/10/2022,9,Emily Johnson,28,Female,Canada,Airbnb,400 ,Train,200 
97,Sydney,11/23/2022,12/2/2022,9,David Lee,45,Male,South Korea,Hostel,200 ,Plane,1200
98,London,2/14/2023,2/19/2023,5,Sarah Brown,37,Female,UK,Hotel,600 ,Plane,700 
99,New York,5/8/2023,5/14/2023,6,Michael Wong,50,Male,China,Airbnb,800 ,Car rental,300 
100,Rome,8/20/2023,8/27/2023,7,Jessica Chen,31,Female,Taiwan,Hotel,700 ,Plane,900 
101,Bangkok,11/12/2023,11/20/2023,8,Ken Tanaka,42,Male,Japan,Hostel,300,Train,100
102,Cape Town,1/6/2024,1/14/2024,8,Maria Garcia,27,Female,Spain,Airbnb,500,Plane,1500
103,Rio de Janeiro,4/3/2024,4/10/2024,7,Rodrigo Oliveira,33,Male,Brazil,Hotel,900,Car rental,400
104,Bali,7/22/2024,7/28/2024,6,Olivia Kim,29,Female,South Korea,Villa,1200,Plane,1000
105,Amsterdam,10/10/2024,10/17/2024,7,Robert Mueller,41,Male,Germany,Hotel,600 ,Train,150 
106,Paris,5/15/2022,5/20/2022,5,John Smith,35,Male,USA,Hotel,1000,Plane,800
107,Tokyo,9/1/2022,9/10/2022,9,Sarah Lee,28,Female,South Korea,Airbnb,800,Train,500
108,New York,6/20/2022,6/25/2022,5,Michael Wong,42,Male,Hong Kong,Hotel,1200,Car rental,200
109,Bali,8/12/2022,8/20/2022,8,Lisa Chen,30,Female,Taiwan,Resort,1500,Plane,1200
110,Sydney,7/1/2022,7/10/2022,9,David Kim,26,Male,Canada,Hostel,300,Plane,900
111,London,6/10/2022,6/15/2022,5,Emily Wong,38,Female,United Kingdom,Hotel,900,Train,150
112,Phuket,9/5/2022,9/12/2022,7,Mark Tan,45,Male,Singapore,Villa,2000,Plane,700
113,Rome,5/1/2022,5/8/2022,7,Emma Lee,31,Female,Italy,Hotel,1100,Train,250
114,Santorini,7/15/2022,7/22/2022,7,George Chen,27,Male,Greece,Airbnb,1000,Ferry,150
115,Dubai,8/25/2022,8/30/2022,5,Sophia Kim,29,Female,United Arab Emirates,Hotel,1500,Car rental,300
116,Phnom Penh,9/10/2022,9/15/2022,5,Alex Ng,33,Male,Cambodia,Hostel,200,Plane,500
117,Tokyo,2/5/2022,2/14/2022,9,Alice Smith,32,Female,American,Hotel,1000,Plane,700
118,Paris,3/15/2022,3/22/2022,7,Bob Johnson,47,Male,Canadian,Hotel,1200,Train,500
119,Sydney,5/1/2022,5/12/2022,11,Cindy Chen,26,Female,Chinese,Airbnb,800,Plane,1000
120,Rome,6/10/2022,6/17/2022,7,David Lee,38,Male,Korean,Hotel,900,Train,400
121,Bali,7/20/2022,7/30/2022,10,Emily Kim,29,Female,Korean,Hostel,500,Plane,800
122,Cancun,8/8/2022,8/16/2022,8,Frank Li,41,Male,American,Hotel,1300,Plane,600
123,Athens,9/20/2022,9/30/2022,10,Gina Lee,35,Female,Korean,Airbnb,700,Plane,900
124,Tokyo,10/5/2022,10/13/2022,8,Henry Kim,24,Male,Korean,Hotel,1200,Plane,700
125,Sydney,11/11/2022,11/21/2022,10,Isabella Chen,30,Female,Chinese,Airbnb,900,Plane,1000
126,Paris,12/24/2022,1/1/2023,8,Jack Smith,28,Male,American,Hostel,400,Plane,700
127,Bali,2/10/2023,2/18/2023,8,Katie Johnson,33,Female,Canadian,Hotel,800,Plane,800
129,Paris,5/1/2023,5/7/2023,6,John Doe,35,Male,American,Hotel,5000,Airplane,2500
130,Tokyo,5/15/2023,5/22/2023,7,Jane Smith,28,Female,British,Airbnb,7000,Train,1500
131,Cape Town,6/1/2023,6/10/2023,9,Michael Johnson,45,Male,South African,Hostel,3000,Car,2000
132,Sydney,6/15/2023,6/21/2023,6,Sarah Lee,31,Female,Australian,Hotel,6000,Airplane,3000
133,Rome,7/1/2023,7/8/2023,7,David Kim,42,Male,Korean,Airbnb,4000,Train,1500
134,New York,7/15/2023,7/22/2023,7,Emily Davis,27,Female,American,Hotel,8000,Airplane,2500
135,Rio de Janeiro,8/1/2023,8/10/2023,9,Jose Perez,37,Male,Brazilian,Hostel,2500,Car,2000
136,Vancouver,8/15/2023,8/21/2023,6,Emma Wilson,29,Female,Canadian,Hotel,5000,Airplane,3000
137,Bangkok,9/1/2023,9/8/2023,7,Ryan Chen,34,Male,Chinese,Hostel,2000,Train,1000
138,Barcelona,9/15/2023,9/22/2023,7,Sofia Rodriguez,25,Female,Spanish,Airbnb,6000,Airplane,2500
139,Auckland,10/1/2023,10/8/2023,7,William Brown,39,Male,New Zealander,Hotel,7000,Train,2500
